PLAYER,TEAM,CONFERENCE,POSITION,LEAGUE,GP,PPG,RPG,APG,SPG,BPG,TPG,3PMPG,3PAPG,FGMPG,FGAPG,WIN,LOSS
GeeSelm,Toronto Terror,Eastern,N/A,EBA,2,17.5,3.5,11.5,0.5,0,1,3.5,8.5,6,12.5,3,0
EternalAtake,Houston Hornets,Western,N/A,EBA,3,9.333,2.333,0.333,0,3,0.333,1.333,1.333,4,5,2,1
Jama,Houston Hornets,Western,N/A,EBA,2,9,9,2.5,0,3.5,3.5,1.5,2.5,3.5,5,2,1
yso,Houston Hornets,Western,N/A,EBA,3,22,2.333,2.667,0.667,0,1.667,6.333,10.333,7.667,12.333,2,1
Imagine,Toronto Terror,Eastern,N/A,EBA,1,14,0,2,2,0,0,2,2,6,6,3,0
Lord,Toronto Terror,Eastern,N/A,EBA,1,26,2,2,0,0,1,8,10,9,11,3,0
vecolt,Toronto Terror,Eastern,N/A,EBA,1,26,5,7,0,0,0,8,10,9,11,3,0
menoish,Toronto Terror,Eastern,N/A,EBA,0,0,0,0,0,0,0,0,0,0,0,3,0
Kdd,Toronto Terror,Eastern,N/A,EBA,0,0,0,0,0,0,0,0,0,0,0,3,0
Nesh,Toronto Terror,Eastern,N/A,EBA,0,0,0,0,0,0,0,0,0,0,0,3,0
chris,Toronto Terror,Eastern,N/A,EBA,0,0,0,0,0,0,0,0,0,0,0,3,0
SenseiNeo,Houston Hornets,Western,N/A,EBA,0,0,0,0,0,0,0,0,0,0,0,2,1
nehi,Washington Volt,Western,N/A,EBA,0,0,0,0,0,0,0,0,0,0,0,1,2
xpk,Philadelphia Glory,Eastern,N/A,EBA,0,0,0,0,0,0,0,0,0,0,0,1,3
Lol,New York Knights,Eastern,N/A,EBA,0,0,0,0,0,0,0,0,0,0,0,1,2
zam,Houston Hornets,Western,N/A,EBA,3,27,3.333,2.333,3.667,0.333,0.333,6.667,8.333,9.667,13.333,2,1
GoatedRahim,Houston Hornets,Western,N/A,EBA,3,27.333,1.667,15.333,3.667,0,3,6,10.333,10.667,17.333,2,1
9xrlem,Free Agents,N/A,N/A,EBA,0,0,0,0,0,0,0,0,0,0,0,0,0
Keen,Toronto Terror,Eastern,N/A,EBA,2,29,7.5,3,0,1.5,1.5,4,4,12.5,14.5,3,0
trevonism,Free Agents,N/A,N/A,EBA,0,0,0,0,0,0,0,0,0,0,0,0,0
Paragon,Sacramento Rage,Western,N/A,EBA,2,12,1.5,1,0,1,0,2,2.5,5,9.5,2,2
Bludlinton,Detroit Bullets,Eastern,N/A,EBA,2,8.5,2,13,0,0,3,2,3.5,3,5.5,1,2
ledevoirkaisle,Sacramento Rage,Western,N/A,EBA,1,27,4,5,1,0,1,3,5,11,15,2,2
RatherCallMeChris,Oregon Skyhawks,Western,N/A,EBA,2,14,3,4.5,0,0,1.5,3.5,7.5,5,11,2,1
joeylawliet,Indiana Bandits,Eastern,N/A,EBA,3,8.667,3.667,17.333,0,1,2.333,2,3,3.333,5.333,1,2
sehctn,Oregon Skyhawks,Western,N/A,EBA,3,33.667,3.667,7.333,0,1.667,4.333,8,12.667,12.333,20.667,2,1
Bryce,Indiana Bandits,Eastern,N/A,EBA,3,36.667,0.667,3.333,0.667,0,2.333,8.333,11.333,14,21,1,2
Soldier Boy,Indiana Bandits,Eastern,N/A,EBA,3,16,4.667,6,0,2.333,1.333,1.333,2.667,7,12.667,1,2
lorslime,Indiana Bandits,Eastern,N/A,EBA,3,24,2.333,3,0,0,1.667,5.667,7,9,12.667,1,2
Amir,Sacramento Rage,Western,N/A,EBA,1,8,11,11,0,0,1,2,6,3,8,2,2
Soss,Oregon Skyhawks,Western,N/A,EBA,2,16,1,6,0,0,2,3.5,7,6,9.5,2,1
jaxx,Detroit Bullets,Eastern,N/A,EBA,2,30,5.5,3,0,0,3.5,7,13,11,20,1,2
ephesiansVI,Detroit Bullets,Eastern,N/A,EBA,2,18.5,3,5.5,2,1,1.5,3,6.5,7,14,1,2
Walter,Detroit Bullets,Eastern,N/A,EBA,3,14.333,6.333,2,0,0,1.667,3,6,5.667,10.667,1,2
Brady,Sacramento Rage,Western,N/A,EBA,2,36.5,1.5,7.5,0,0,4,7,8,14.5,18,2,2
TaxEvasion2008,Detroit Bullets,Eastern,N/A,EBA,1,8,4,1,0,5,1,0,1,4,5,1,2
lefthanded,Oregon Skyhawks,Western,N/A,EBA,3,17.333,6,3,0,1.667,1,2.667,2.667,7.333,10.333,2,1
tnbn,Oregon Skyhawks,Western,N/A,EBA,2,15,3,0.5,0.5,2,2,3,4,6,8,2,1
joh,Phoenix Power,Western,N/A,EBA,1,41,3,6,6,0,0,11,11,15,18,3,0
4sammy,Mexico City Aztecs,Western,N/A,EBA,2,5.5,7.5,4.5,0,0.5,2,1.5,2,2,4.5,2,0
SupremityXO,Portland Vipers,Western,N/A,EBA,2,34,1,7.5,4,0,4,3.5,6,15,20,1,3
DeliciousDarkSkin,Mexico City Aztecs,Western,N/A,EBA,1,11,3,1,0,0,0,3,3,4,4,2,0
3xCarti,Portland Vipers,Western,N/A,EBA,2,16,2,3,0,0,1,5,8,5.5,9,1,3
nixogen,Mexico City Aztecs,Western,N/A,EBA,2,22.5,1.5,4,2.5,0,1.5,4,9,8,14.5,2,0
lil von,Portland Vipers,Western,N/A,EBA,2,6.5,3.5,1.5,0,0,2,1.5,2.5,2.5,4,1,3
ItsRillaYT,Portland Vipers,Western,N/A,EBA,1,10,1,4,0,0,7,2,4,4,9,1,3
ace,Indiana Bandits,Eastern,N/A,EBA,2,7,10.5,3,0,1,3.5,1,2,3,7,1,2
fr0stss,Portland Vipers,Western,N/A,EBA,1,9,2,4,0,4,0,3,3,3,4,1,3
Shady,Charlotte Empire,Eastern,N/A,EBA,1,7,2,2,1,0,0,1,2,3,9,1,1
pa1n,Charlotte Empire,Eastern,N/A,EBA,1,11,3,12,0,0,3,0,2,4,12,1,1
Boom,Charlotte Empire,Eastern,N/A,EBA,1,16,6,0,1,4,2,4,4,6,7,1,1
pinkpuppyprincess222,Charlotte Empire,Eastern,N/A,EBA,1,27,2,7,1,1,1,5,7,11,18,1,1
OneManBackcourt,Chicago Aces,Eastern,N/A,EBA,1,23,1,4,1,0,2,5,8,9,14,2,0
deej,Chicago Aces,Eastern,N/A,EBA,1,28,6,15,0,0,6,3,5,12,15,2,0
chevy,Chicago Aces,Eastern,N/A,EBA,1,11,3,2,1,1,4,3,5,4,11,2,0
gIueguyy,Chicago Aces,Eastern,N/A,EBA,1,3,9,1,0,3,1,1,2,1,2,2,0
INSIDE4L,Chicago Aces,Eastern,N/A,EBA,1,12,5,1,0,3,3,2,2,5,6,2,0
zCxsmic,Mexico City Aztecs,Western,N/A,EBA,2,38.5,1,10,0,0,3,11.5,17.5,13.5,21,2,0
therighster,Mexico City Aztecs,Western,N/A,EBA,2,24,8,5.5,0,1.5,0,1.5,2,11,16,2,0
sel,Charlotte Empire,Eastern,N/A,EBA,1,15,2,2,0,0,1,5,8,5,8,1,1
OPLockdownDefender,Atlanta Breeze,Eastern,N/A,EBA,2,47,2,1,0,0,0.5,14,21,16.5,23.5,2,0
twiz,Atlanta Breeze,Eastern,N/A,EBA,2,8.5,1.5,1,0.5,4,0.5,1.5,3,3.5,7,2,0
hostilesuper,Atlanta Breeze,Eastern,N/A,EBA,2,16,10,3.5,0,0,3,3,3.5,7,9,2,0
Granvaleria,Atlanta Breeze,Eastern,N/A,EBA,1,14,6,2,0,0,0,2,2,6,10,2,0
Tw1n_glocks,Washington Volt,Western,N/A,EBA,1,12,6,4,0,0,3,0,3,5,13,1,2
king,Washington Volt,Western,N/A,EBA,2,17,3,0,0,0.5,1,4,4.5,6.5,8.5,1,2
vipe,Las Vegas Thrill,Western,N/A,EBA,2,15,1.5,9,0,0,0.5,1,1.5,7,9,1,2
BewareOfThe12th,Washington Volt,Western,N/A,EBA,1,7,2,0,0,6,3,1,1,3,3,1,2
Key0nteGeorge,Washington Volt,Western,N/A,EBA,1,2,4,1,0,1,2,0,0,1,1,1,2
mpjy,Las Vegas Thrill,Western,N/A,EBA,2,19.5,0.5,4.5,0.5,0,0.5,5.5,7.5,7,9.5,1,2
feared,Las Vegas Thrill,Western,N/A,EBA,2,3.5,3,0.5,0,1,1.5,0.5,0.5,1.5,1.5,1,2
meow,Las Vegas Thrill,Western,N/A,EBA,2,20,3.5,5,0,1.5,2,3,3,8.5,13,1,2
PizzaClub82,Las Vegas Thrill,Western,N/A,EBA,1,12,3,0,0,0,1,2,2,5,6,1,2
kqco,Washington Volt,Western,N/A,EBA,3,42.667,1.667,5.333,0,0,2,6.333,9,18,27.333,1,2
lit,Arizona Panthers,Western,N/A,EBA,1,6,1,2,0,0,0,2,4,2,6,0,2
carriedbygreens,Arizona Panthers,Western,N/A,EBA,1,6,0,2,0,0,1,1,3,2,6,0,2
Breezy,Arizona Panthers,Western,N/A,EBA,1,12,3,1,0,0,0,0,0,6,6,0,2
gau,Arizona Panthers,Western,N/A,EBA,1,2,3,4,0,1,2,0,1,1,3,0,2
dallas,Atlanta Breeze,Eastern,N/A,EBA,2,24,1.5,25.5,4.5,0,2,4.5,9.5,8,16.5,2,0
CardiBFan41,Nashville Anthem,Western,N/A,EBA,1,8,1,0,0,0,1,2,6,3,7,2,1
royal,Minnesota Huskies,Eastern,N/A,EBA,2,19.5,2.5,8.5,0,0,1.5,3.5,5,7.5,12.5,1,1
KANYEISRIGHT,Minnesota Huskies,Eastern,N/A,EBA,2,13.5,5,2.5,1,1,1.5,3.5,4.5,5,7,1,1
openthevauIts,Nashville Anthem,Western,N/A,EBA,2,30.5,2,2,0,0,2.5,4.5,8,12.5,18.5,2,1
tinyboatbike,Miami Beach Kings,Eastern,N/A,EBA,3,17,3.333,3,0,1,1.333,2.333,4,7.333,12.333,1,2
SmallLeron,Minnesota Huskies,Eastern,N/A,EBA,1,28,3,7,0,0,3,8,11,10,14,1,1
danny,Minnesota Huskies,Eastern,N/A,EBA,1,14,2,13,0,0,0,4,5,5,7,1,1
jorge,Nashville Anthem,Western,N/A,EBA,2,10.5,3.5,8,1.5,0,1,3.5,6.5,3.5,7,2,1
jon,San Diego Storm,Western,N/A,EBA,2,24,1,2.5,0.5,0,1,6,7.5,8.5,11.5,2,0
moon,San Diego Storm,Western,N/A,EBA,2,10.5,2.5,1.5,2,2.5,1.5,0.5,1,5,8.5,2,0
BOARDIIII,San Diego Storm,Western,N/A,EBA,2,14.5,5.5,4.5,0.5,2,0.5,1.5,2.5,6.5,10.5,2,0
Elijah,San Diego Storm,Western,N/A,EBA,2,24.5,6.5,1,0,0,2,2.5,3,11,15.5,2,0
hootwe,Orlando Supernovas,Eastern,N/A,EBA,2,3,4,2,2,0,0,1,1,1,1.5,1,1
dante,Seattle Reign,Western,N/A,EBA,1,9,5,4,0,0,5,1,10,4,13,0,3
ShadeyTre,Seattle Reign,Western,N/A,EBA,1,18,2,2,0,0,1,6,9,6,9,0,3
SQUAAX,Seattle Reign,Western,N/A,EBA,1,0,6,4,0,0,4,0,0,0,0,0,3
revian2,Miami Beach Kings,Eastern,N/A,EBA,1,4,0,0,0,0,2,0,0,2,3,1,2
valk,Miami Beach Kings,Eastern,N/A,EBA,1,3,2,0,0,1,2,1,1,1,2,1,2
Ewonke,Orlando Supernovas,Eastern,N/A,EBA,2,14,1.5,7.5,0,0,2,3,6,5.5,9,1,1
klowry7,Orlando Supernovas,Eastern,N/A,EBA,2,32.5,1,4,0,0,3,7.5,8,12,13.5,1,1
KingFendi,Orlando Supernovas,Eastern,N/A,EBA,2,14,2,3,0,0,0,0,0.5,7,9.5,1,1
ceo,Orlando Supernovas,Eastern,N/A,EBA,1,2,1,2,0,2,0,0,0,1,1,1,1
xay,Nashville Anthem,Western,N/A,EBA,2,19,4.5,2,2,1,1,3.5,4.5,7.5,9.5,2,1
revive,Minnesota Huskies,Eastern,N/A,EBA,2,6.5,1.5,3,1.5,0,3,1.5,3,2.5,7,1,1
kson,San Diego Storm,Western,N/A,EBA,2,11,1.5,15.5,3,0,1.5,3,3.5,4,5.5,2,0
noisy boy,Phoenix Power,Western,N/A,EBA,1,10,5,5,1,2,1,2,2,4,4,3,0
mere_humn,Miami Beach Kings,Eastern,N/A,EBA,2,3,1,12.5,0.5,0,1.5,1,1.5,1,2.5,1,2
Pluds,Phoenix Power,Western,N/A,EBA,1,25,3,2,0,0,0,7,9,9,11,3,0
9magic,Phoenix Power,Western,N/A,EBA,1,22,2,5,0,0,0,5,10,8,15,3,0
m6ly,Indiana Bandits,Eastern,N/A,EBA,1,10,8,7,0,3,1,2,2,4,5,1,2
Kazout_3,Minnesota Huskies,Eastern,N/A,EBA,1,12,4,2,0,0,0,0,0,6,8,1,1
segunda etapa,Minnesota Huskies,Eastern,N/A,EBA,1,31,4,1,0,0,1,5,6,13,20,1,1
Sensei_Mario,Atlanta Breeze,Eastern,N/A,EBA,1,13,5,1,0,0,1,3,5,5,7,2,0
12zefd,Miami Beach Kings,Eastern,N/A,EBA,1,24,11,2,0,0,4,4,9,9,16,1,2
splash,Miami Beach Kings,Eastern,N/A,EBA,2,10.5,6,9.5,1.5,1.5,2,1.5,2,4.5,6,1,2
91pts,Phoenix Power,Western,N/A,EBA,1,10,6,11,0,10,2,2,3,4,9,3,0
innon,Miami Beach Kings,Eastern,N/A,EBA,1,10,1,3,0,2,2,2,4,4,7,1,2
kevJT,Detroit Bullets,Eastern,N/A,EBA,1,23,1,5,0,0,8,7,9,8,13,1,2
druskl,Mexico City Aztecs,Western,N/A,EBA,1,12,5,5,11,0,1,2,2,5,6,2,0
sentinel,Detroit Bullets,Eastern,N/A,EBA,1,13,4,4,0,2,4,3,5,5,9,1,2
ExclusiveTrade,Detroit Bullets,Eastern,N/A,EBA,1,9,1,6,1,0,4,3,5,3,5,1,2
Mic_Hawk,Detroit Bullets,Eastern,N/A,EBA,1,13,1,2,0,0,2,4,5,4,5,1,2
atxRalph,Orlando Supernovas,Eastern,N/A,EBA,1,0,1,0,0,1,2,0,0,0,0,1,1
austin,Arizona Panthers,Western,N/A,EBA,1,14,0,0,0,0,0,4,6,4,6,0,2
genoc9de,Arizona Panthers,Western,N/A,EBA,1,27,3,8,0,0,3,5,13,11,25,0,2
cahpn,Arizona Panthers,Western,N/A,EBA,1,11,4,0,0,1,2,3,5,4,8,0,2
tacshady,Arizona Panthers,Western,N/A,EBA,1,5,4,4,0,1,1,1,2,2,3,0,2
grim,Arizona Panthers,Western,N/A,EBA,1,8,11,1,0,1,0,0,0,4,8,0,2
zhari,Washington Volt,Western,N/A,EBA,2,10,4,1.5,0,1.5,1,2,2,4,4,1,2
Jj234091,Free Agents,N/A,N/A,EBA,0,0,0,0,0,0,0,0,0,0,0,0,0
Silent Comedic,Portland Vipers,Western,N/A,EBA,1,1,2,1,0,0,3,0,1,0,1,1,3
Smoov1e,Portland Vipers,Western,N/A,EBA,1,12,2,2,0,0,1,2,5,5,12,1,3
Doodi,Nashville Anthem,Western,N/A,EBA,1,3,4,0,0,2,3,1,1,1,3,2,1
Hira,Nashville Anthem,Western,N/A,EBA,1,21,6,4,1,2,4,1,3,10,12,2,1
rocko,Seattle Reign,Western,N/A,EBA,1,45,3,13,1,0,3,9,12,18,23,0,3
Drooplits,Seattle Reign,Western,N/A,EBA,1,7,2,6,0,0,0,1,2,3,6,0,3
ffaiit,Seattle Reign,Western,N/A,EBA,1,11,4,2,1,0,1,3,8,4,12,0,3
linc,Seattle Reign,Western,N/A,EBA,1,16,4,3,0,0,2,4,6,6,11,0,3
BasicHuman,Seattle Reign,Western,N/A,EBA,1,13,2,0,2,1,0,1,2,6,11,0,3
Uni,Sacramento Rage,Western,N/A,EBA,1,39,4,5,0,0,1,11,11,14,17,2,2
wraith,Sacramento Rage,Western,N/A,EBA,1,27,8,22,1,0,2,5,6,11,13,2,2
OnlyDae,Sacramento Rage,Western,N/A,EBA,1,6,5,1,0,0,0,0,0,3,3,2,2
V1L1E,Philadelphia Glory,Eastern,N/A,EBA,1,13,1,12,1,0,4,1,1,6,9,1,3
timer,Philadelphia Glory,Eastern,N/A,EBA,1,21,1,0,0,0,0,7,7,7,7,1,3
P8O,Washington Volt,Western,N/A,EBA,2,10.5,2,8.5,0,0,1.5,1.5,4,4.5,7.5,1,2
JoshJacobs,Philadelphia Glory,Eastern,N/A,EBA,1,22,2,7,2,0,4,5,6,8,12,1,3
uwu,Philadelphia Glory,Eastern,N/A,EBA,1,6,2,4,0,2,1,0,0,3,3,1,3
Keron,Philadelphia Glory,Eastern,N/A,EBA,1,14,4,0,0,4,0,1,1,6,9,1,3
dissipate,Houston Hornets,Western,N/A,EBA,1,3,1,1,0,0,1,1,4,1,4,2,1
Monkey,Toronto Terror,Eastern,N/A,EBA,1,9,0,0,0,0,0,1,1,4,5,3,0
Nedev,Toronto Terror,Eastern,N/A,EBA,1,6,3,7,1,1,0,2,2,2,4,3,0
gixg,Las Vegas Thrill,Western,N/A,EBA,1,13,4,3,0,0,1,4,7,4,7,1,2
Carti,Miami Beach Kings,Eastern,N/A,EBA,2,41,5.5,2,2.5,1,2,8.5,12,16,21,1,2
tony,Miami Beach Kings,Eastern,N/A,EBA,1,18,3,5,1,0,4,6,11,6,11,1,2
RBW4GLUEGUY,Free Agents,N/A,N/A,EBA,0,0,0,0,0,0,0,0,0,0,0,0,0
kevdaw,Miami Beach Kings,Eastern,N/A,EBA,1,25,11,11,0,1,5,1,4,12,21,1,2
adrielxxx6,Free Agents,N/A,N/A,EBA,0,0,0,0,0,0,0,0,0,0,0,0,0
TheSkullMaster88,Free Agents,N/A,N/A,EBA,0,0,0,0,0,0,0,0,0,0,0,0,0
des,Detroit Bullets,Eastern,N/A,EBA,1,0,2,4,0,2,6,0,1,0,1,1,2
InsertedScoring,Washington Volt,Western,N/A,EBA,2,2.5,6,1.5,0,0.5,0,0.5,1.5,1,2,1,2
ColdFrozenYogurt,Washington Volt,Western,N/A,EBA,1,11,7,4,0,0,2,3,6,4,8,1,2
clutch_football8,Free Agents,N/A,N/A,EBA,0,0,0,0,0,0,0,0,0,0,0,0,0
hoopslifeogpark,Oregon Skyhawks,Western,N/A,EBA,2,5.5,1,0,1.5,0.5,0,0.5,0.5,2.5,3,2,1
Messi_30win,Free Agents,N/A,N/A,EBA,0,0,0,0,0,0,0,0,0,0,0,0,0
Blitz,Oregon Skyhawks,Western,N/A,EBA,2,1.5,1.5,0.5,0.5,0,0,0.5,1,0.5,1,2,1
lggysUncle,Free Agents,N/A,N/A,EBA,0,0,0,0,0,0,0,0,0,0,0,0,0
Ummmmmboy147,Free Agents,N/A,N/A,EBA,0,0,0,0,0,0,0,0,0,0,0,0,0
NatePlayz2409,Free Agents,N/A,N/A,EBA,0,0,0,0,0,0,0,0,0,0,0,0,0
King_goat13345,Free Agents,N/A,N/A,EBA,0,0,0,0,0,0,0,0,0,0,0,0,0
ItsSlezin,Free Agents,N/A,N/A,EBA,0,0,0,0,0,0,0,0,0,0,0,0,0
ironman_cool12345,Free Agents,N/A,N/A,EBA,0,0,0,0,0,0,0,0,0,0,0,0,0
chestpassing,Free Agents,N/A,N/A,EBA,0,0,0,0,0,0,0,0,0,0,0,0,0
amiIIolive,Free Agents,N/A,N/A,EBA,0,0,0,0,0,0,0,0,0,0,0,0,0
FLXCKTRXPS,Free Agents,N/A,N/A,EBA,0,0,0,0,0,0,0,0,0,0,0,0,0
EagleBros1013,Free Agents,N/A,N/A,EBA,0,0,0,0,0,0,0,0,0,0,0,0,0
Lildonald2015,Free Agents,N/A,N/A,EBA,0,0,0,0,0,0,0,0,0,0,0,0,0
edd1e1212,Free Agents,N/A,N/A,EBA,0,0,0,0,0,0,0,0,0,0,0,0,0
OTB_JAY249,Free Agents,N/A,N/A,EBA,0,0,0,0,0,0,0,0,0,0,0,0,0
Wyett_351,Free Agents,N/A,N/A,EBA,0,0,0,0,0,0,0,0,0,0,0,0,0
L3ft_nu134,Free Agents,N/A,N/A,EBA,0,0,0,0,0,0,0,0,0,0,0,0,0
swervo30three,Free Agents,N/A,N/A,EBA,0,0,0,0,0,0,0,0,0,0,0,0,0
Calidatboi_14,Free Agents,N/A,N/A,EBA,0,0,0,0,0,0,0,0,0,0,0,0,0
Mdot449,Free Agents,N/A,N/A,EBA,0,0,0,0,0,0,0,0,0,0,0,0,0
Herojunebug0523,Free Agents,N/A,N/A,EBA,0,0,0,0,0,0,0,0,0,0,0,0,0
APPLE_ONIONDUDE2,Free Agents,N/A,N/A,EBA,0,0,0,0,0,0,0,0,0,0,0,0,0
1Caqueii1,Free Agents,N/A,N/A,EBA,0,0,0,0,0,0,0,0,0,0,0,0,0
pqpqpqpqpqpqpqotu,Free Agents,N/A,N/A,EBA,0,0,0,0,0,0,0,0,0,0,0,0,0
BillBill_45,Free Agents,N/A,N/A,EBA,0,0,0,0,0,0,0,0,0,0,0,0,0
Jujuxshake908,Free Agents,N/A,N/A,EBA,0,0,0,0,0,0,0,0,0,0,0,0,0
shaundaaa,Free Agents,N/A,N/A,EBA,0,0,0,0,0,0,0,0,0,0,0,0,0
cantguard_jeff,Free Agents,N/A,N/A,EBA,0,0,0,0,0,0,0,0,0,0,0,0,0
40X_Klot,Free Agents,N/A,N/A,EBA,0,0,0,0,0,0,0,0,0,0,0,0,0
YTCantGuardJay,Free Agents,N/A,N/A,EBA,0,0,0,0,0,0,0,0,0,0,0,0,0
ahqjjbs,Free Agents,N/A,N/A,EBA,0,0,0,0,0,0,0,0,0,0,0,0,0
urfavmonkey54,Free Agents,N/A,N/A,EBA,0,0,0,0,0,0,0,0,0,0,0,0,0
jayjetss,Free Agents,N/A,N/A,EBA,0,0,0,0,0,0,0,0,0,0,0,0,0
Tw5gz,Free Agents,N/A,N/A,EBA,0,0,0,0,0,0,0,0,0,0,0,0,0
zolly2x,Free Agents,N/A,N/A,EBA,0,0,0,0,0,0,0,0,0,0,0,0,0
Tariq_him2,Free Agents,N/A,N/A,EBA,0,0,0,0,0,0,0,0,0,0,0,0,0
94fe3t,Sacramento Rage,Western,N/A,EBA,1,18,0,4,1,1,1,4,7,7,14,2,2
99vipered,Free Agents,N/A,N/A,EBA,0,0,0,0,0,0,0,0,0,0,0,0,0
caybeast16z,Free Agents,N/A,N/A,EBA,0,0,0,0,0,0,0,0,0,0,0,0,0
marvins_1,Free Agents,N/A,N/A,EBA,0,0,0,0,0,0,0,0,0,0,0,0,0
gloshewrote,Free Agents,N/A,N/A,EBA,0,0,0,0,0,0,0,0,0,0,0,0,0
B1ltiou,Free Agents,N/A,N/A,EBA,0,0,0,0,0,0,0,0,0,0,0,0,0
lolrandomnames,Free Agents,N/A,N/A,EBA,0,0,0,0,0,0,0,0,0,0,0,0,0
breeze,Toronto Terror,Eastern,N/A,EBA,1,22,3,5,1,1,0,4,5,9,14,3,0
mehwon88,Free Agents,N/A,N/A,EBA,0,0,0,0,0,0,0,0,0,0,0,0,0
Tarik0813,Free Agents,N/A,N/A,EBA,0,0,0,0,0,0,0,0,0,0,0,0,0
Johnnysisz123,Free Agents,N/A,N/A,EBA,0,0,0,0,0,0,0,0,0,0,0,0,0
6sqzz,Free Agents,N/A,N/A,EBA,0,0,0,0,0,0,0,0,0,0,0,0,0
asussysausage,Free Agents,N/A,N/A,EBA,0,0,0,0,0,0,0,0,0,0,0,0,0
trevonisn,Free Agents,N/A,N/A,EBA,0,0,0,0,0,0,0,0,0,0,0,0,0
MrGabiiii,Free Agents,N/A,N/A,EBA,0,0,0,0,0,0,0,0,0,0,0,0,0
Playgroundbaskplayer,Free Agents,N/A,N/A,EBA,0,0,0,0,0,0,0,0,0,0,0,0,0
lfqd,Oregon Skyhawks,Western,N/A,EBA,2,4,1,1.5,0,0,0,1,2,1.5,3,2,1