PLAYER,TEAM,CONFERENCE,POSITION,GP,PPG,RPG,APG,SPG,BPG,TPG,3PMPG,3PAPG,FGMPG,FGAPG,WIN,LOSS
ra_chona,Atlanta Breeze (Group B),Eastern,N/A,0,0,0,0,0,0,0,0,0,0,0,0,0
Brauussss,Arizona Panthers (Group B),Western,N/A,0,0,0,0,0,0,0,0,0,0,0,0,0
capita_I,Baltimore Nighthawks (Group B),Eastern,N/A,0,0,0,0,0,0,0,0,0,0,0,0,0
29kLoxks,Brooklyn Reapers (Group B),Eastern,N/A,0,0,0,0,0,0,0,0,0,0,0,0,0
graisgraisworld,Charlotte Empire (Group B),Eastern,N/A,0,0,0,0,0,0,0,0,0,0,0,0,0
Bryantanyia,Chicago Aces (Group B),Eastern,N/A,0,0,0,0,0,0,0,0,0,0,0,0,0
Jamcool200a,Atlanta Breeze (Group B),Eastern,N/A,0,0,0,0,0,0,0,0,0,0,0,0,0
iam_rylow,Arizona Panthers (Group B),Western,N/A,0,0,0,0,0,0,0,0,0,0,0,0,0
mistergoodboi12,Baltimore Nighthawks (Group B),Eastern,N/A,0,0,0,0,0,0,0,0,0,0,0,0,0
Noahissabuxket,Brooklyn Reapers (Group B),Eastern,N/A,0,0,0,0,0,0,0,0,0,0,0,0,0
Drihbol,Charlotte Empire (Group B),Eastern,N/A,0,0,0,0,0,0,0,0,0,0,0,0,0
Wad_dlez,Chicago Aces (Group B),Eastern,N/A,0,0,0,0,0,0,0,0,0,0,0,0,0
Eztheone123,Atlanta Breeze (Group B),Eastern,N/A,0,0,0,0,0,0,0,0,0,0,0,0,0
shurozo,Arizona Panthers (Group B),Western,N/A,0,0,0,0,0,0,0,0,0,0,0,0,0
S1ngularity,Baltimore Nighthawks (Group B),Eastern,N/A,0,0,0,0,0,0,0,0,0,0,0,0,0
CarterMasterdude,Brooklyn Reapers (Group B),Eastern,N/A,0,0,0,0,0,0,0,0,0,0,0,0,0
Kizhaan,Charlotte Empire (Group B),Eastern,N/A,0,0,0,0,0,0,0,0,0,0,0,0,0
Theonemarc9,Chicago Aces (Group B),Eastern,N/A,0,0,0,0,0,0,0,0,0,0,0,0,0
tectookyourpeek,Atlanta Breeze (Group B),Eastern,N/A,0,0,0,0,0,0,0,0,0,0,0,0,0
thebrolol123,Arizona Panthers (Group B),Western,N/A,0,0,0,0,0,0,0,0,0,0,0,0,0
HELOOKINGFORDASHOOTA,Baltimore Nighthawks (Group B),Eastern,N/A,0,0,0,0,0,0,0,0,0,0,0,0,0
kingd0919,Brooklyn Reapers (Group B),Eastern,N/A,0,0,0,0,0,0,0,0,0,0,0,0,0
kzgf,Charlotte Empire (Group B),Eastern,N/A,0,0,0,0,0,0,0,0,0,0,0,0,0
xaywire,Chicago Aces (Group B),Eastern,N/A,0,0,0,0,0,0,0,0,0,0,0,0,0
hellawunns,Atlanta Breeze (Group B),Eastern,N/A,0,0,0,0,0,0,0,0,0,0,0,0,0
Makeswood,Arizona Panthers (Group B),Western,N/A,0,0,0,0,0,0,0,0,0,0,0,0,0
coyal43,Baltimore Nighthawks (Group B),Eastern,N/A,0,0,0,0,0,0,0,0,0,0,0,0,0
Jona2605,Brooklyn Reapers (Group B),Eastern,N/A,0,0,0,0,0,0,0,0,0,0,0,0,0
Killer_crih,Charlotte Empire (Group B),Eastern,N/A,0,0,0,0,0,0,0,0,0,0,0,0,0
ohthehalloffame,Chicago Aces (Group B),Eastern,N/A,0,0,0,0,0,0,0,0,0,0,0,0,0
Antvyrn,Atlanta Breeze (Group B),Eastern,N/A,0,0,0,0,0,0,0,0,0,0,0,0,0
boucez,Arizona Panthers (Group B),Western,N/A,0,0,0,0,0,0,0,0,0,0,0,0,0
Hooperify23,Baltimore Nighthawks (Group B),Eastern,N/A,0,0,0,0,0,0,0,0,0,0,0,0,0
surVing_justic,Brooklyn Reapers (Group B),Eastern,N/A,0,0,0,0,0,0,0,0,0,0,0,0,0
b76ss,Charlotte Empire (Group B),Eastern,N/A,0,0,0,0,0,0,0,0,0,0,0,0,0
dre60_worst,Chicago Aces (Group B),Eastern,N/A,0,0,0,0,0,0,0,0,0,0,0,0,0
ItsDaRealBeast,Atlanta Breeze (Group B),Eastern,N/A,0,0,0,0,0,0,0,0,0,0,0,0,0
wickjugg,Arizona Panthers (Group B),Western,N/A,0,0,0,0,0,0,0,0,0,0,0,0,0
maxa984,Baltimore Nighthawks (Group B),Eastern,N/A,0,0,0,0,0,0,0,0,0,0,0,0,0
papawonton,Brooklyn Reapers (Group B),Eastern,N/A,0,0,0,0,0,0,0,0,0,0,0,0,0
LORDKAYFLOCK700,Charlotte Empire (Group B),Eastern,N/A,0,0,0,0,0,0,0,0,0,0,0,0,0
SaltySharks10,Chicago Aces (Group B),Eastern,N/A,0,0,0,0,0,0,0,0,0,0,0,0,0
StrictlyLua,Atlanta Breeze (Group B),Eastern,N/A,0,0,0,0,0,0,0,0,0,0,0,0,0
IllIIIllIIIIIlIll,Arizona Panthers (Group B),Western,N/A,0,0,0,0,0,0,0,0,0,0,0,0,0
AntiKars,Baltimore Nighthawks (Group B),Eastern,N/A,0,0,0,0,0,0,0,0,0,0,0,0,0
0yarzabaI,Brooklyn Reapers (Group B),Eastern,N/A,0,0,0,0,0,0,0,0,0,0,0,0,0
Chris123aaa,Charlotte Empire (Group B),Eastern,N/A,0,0,0,0,0,0,0,0,0,0,0,0,0
ll_LxLx,Chicago Aces (Group B),Eastern,N/A,0,0,0,0,0,0,0,0,0,0,0,0,0
Z3ezmr3,Atlanta Breeze (Group B),Eastern,N/A,0,0,0,0,0,0,0,0,0,0,0,0,0
AbaderCoolBoy,Arizona Panthers (Group B),Western,N/A,0,0,0,0,0,0,0,0,0,0,0,0,0
PlainCivillian,Baltimore Nighthawks (Group B),Eastern,N/A,0,0,0,0,0,0,0,0,0,0,0,0,0
iicetre,Brooklyn Reapers (Group B),Eastern,N/A,0,0,0,0,0,0,0,0,0,0,0,0,0
kej (mirageatakao),Charlotte Empire (Group B),Eastern,N/A,0,0,0,0,0,0,0,0,0,0,0,0,0
uunrul,Chicago Aces (Group B),Eastern,N/A,0,0,0,0,0,0,0,0,0,0,0,0,0
Kitonese,Atlanta Breeze (Group B),Eastern,N/A,0,0,0,0,0,0,0,0,0,0,0,0,0
RichChickenBum,Arizona Panthers (Group B),Western,N/A,0,0,0,0,0,0,0,0,0,0,0,0,0
SOYUNVENECO77,Baltimore Nighthawks (Group B),Eastern,N/A,0,0,0,0,0,0,0,0,0,0,0,0,0
yyDink,Brooklyn Reapers (Group B),Eastern,N/A,0,0,0,0,0,0,0,0,0,0,0,0,0
doggod23156,Charlotte Empire (Group B),Eastern,N/A,0,0,0,0,0,0,0,0,0,0,0,0,0
Hulkyouttahere,Chicago Aces (Group B),Eastern,N/A,0,0,0,0,0,0,0,0,0,0,0,0,0
unknownSpadez,Atlanta Breeze (Group B),Eastern,N/A,0,0,0,0,0,0,0,0,0,0,0,0,0
Theyfw_taytay200,Arizona Panthers (Group B),Western,N/A,0,0,0,0,0,0,0,0,0,0,0,0,0
IMM0RTAL1S,Baltimore Nighthawks (Group B),Eastern,N/A,0,0,0,0,0,0,0,0,0,0,0,0,0
minesniper123,Brooklyn Reapers (Group B),Eastern,N/A,0,0,0,0,0,0,0,0,0,0,0,0,0
eqafk43,Charlotte Empire (Group B),Eastern,N/A,0,0,0,0,0,0,0,0,0,0,0,0,0
IIPJIl,Chicago Aces (Group B),Eastern,N/A,0,0,0,0,0,0,0,0,0,0,0,0,0
vxrkyy,Atlanta Breeze (Group B),Eastern,N/A,0,0,0,0,0,0,0,0,0,0,0,0,0
hofneedle,Arizona Panthers (Group B),Western,N/A,0,0,0,0,0,0,0,0,0,0,0,0,0
Champxxion,Baltimore Nighthawks (Group B),Eastern,N/A,0,0,0,0,0,0,0,0,0,0,0,0,0
2oc7y,Brooklyn Reapers (Group B),Eastern,N/A,0,0,0,0,0,0,0,0,0,0,0,0,0
Fanopck,Charlotte Empire (Group B),Eastern,N/A,0,0,0,0,0,0,0,0,0,0,0,0,0
HitboxExpandrr,Chicago Aces (Group B),Eastern,N/A,0,0,0,0,0,0,0,0,0,0,0,0,0
hesihunter,Atlanta Breeze (Group B),Eastern,N/A,0,0,0,0,0,0,0,0,0,0,0,0,0
drago376,Arizona Panthers (Group B),Western,N/A,0,0,0,0,0,0,0,0,0,0,0,0,0
Sagalanch,Baltimore Nighthawks (Group B),Eastern,N/A,0,0,0,0,0,0,0,0,0,0,0,0,0
llrick1,Brooklyn Reapers (Group B),Eastern,N/A,0,0,0,0,0,0,0,0,0,0,0,0,0
5ova,Charlotte Empire (Group B),Eastern,N/A,0,0,0,0,0,0,0,0,0,0,0,0,0
aurafullq,Chicago Aces (Group B),Eastern,N/A,0,0,0,0,0,0,0,0,0,0,0,0,0
Catchilyzay,Charlotte Empire (Group B),Eastern,N/A,0,0,0,0,0,0,0,0,0,0,0,0,0
jairejame,Detroit Bullets (Group B),Eastern,N/A,0,0,0,0,0,0,0,0,0,0,0,0,0
lsmJ0shva,Houston Hornets (Group B),Western,N/A,0,0,0,0,0,0,0,0,0,0,0,0,0
fr2kjayspam,Indiana Bandits (Group B),Eastern,N/A,0,0,0,0,0,0,0,0,0,0,0,0,0
Har_deezy,Las Vegas Thrill (Group B),Western,N/A,0,0,0,0,0,0,0,0,0,0,0,0,0
Eliplaysball8,Mexico City Aztecs (Group B),Western,N/A,0,0,0,0,0,0,0,0,0,0,0,0,0
Ajrpptx,Miami Beach Kings (Group B),Eastern,N/A,0,0,0,0,0,0,0,0,0,0,0,0,0
R3wc,Detroit Bullets (Group B),Eastern,N/A,0,0,0,0,0,0,0,0,0,0,0,0,0
7x_zw,Houston Hornets (Group B),Western,N/A,0,0,0,0,0,0,0,0,0,0,0,0,0
5stzrvipers,Indiana Bandits (Group B),Eastern,N/A,0,0,0,0,0,0,0,0,0,0,0,0,0
Victor_lebg5666,Las Vegas Thrill (Group B),Western,N/A,0,0,0,0,0,0,0,0,0,0,0,0,0
Kingkamdyn0721,Mexico City Aztecs (Group B),Western,N/A,0,0,0,0,0,0,0,0,0,0,0,0,0
S1_bugz,Miami Beach Kings (Group B),Eastern,N/A,0,0,0,0,0,0,0,0,0,0,0,0,0
yxao,Detroit Bullets (Group B),Eastern,N/A,0,0,0,0,0,0,0,0,0,0,0,0,0
YTshauryaa,Houston Hornets (Group B),Western,N/A,0,0,0,0,0,0,0,0,0,0,0,0,0
25k_bee,Indiana Bandits (Group B),Eastern,N/A,0,0,0,0,0,0,0,0,0,0,0,0,0
ebkmir3,Las Vegas Thrill (Group B),Western,N/A,0,0,0,0,0,0,0,0,0,0,0,0,0
jaa7en,Mexico City Aztecs (Group B),Western,N/A,0,0,0,0,0,0,0,0,0,0,0,0,0
patch_can,Miami Beach Kings (Group B),Eastern,N/A,0,0,0,0,0,0,0,0,0,0,0,0,0
NexosHyper,Detroit Bullets (Group B),Eastern,N/A,0,0,0,0,0,0,0,0,0,0,0,0,0
XIXStage,Houston Hornets (Group B),Western,N/A,0,0,0,0,0,0,0,0,0,0,0,0,0
Zoomtg6,Indiana Bandits (Group B),Eastern,N/A,0,0,0,0,0,0,0,0,0,0,0,0,0
noobsamer1231,Las Vegas Thrill (Group B),Western,N/A,0,0,0,0,0,0,0,0,0,0,0,0,0
Danger_Flash,Mexico City Aztecs (Group B),Western,N/A,0,0,0,0,0,0,0,0,0,0,0,0,0
ReignofDJ,Miami Beach Kings (Group B),Eastern,N/A,0,0,0,0,0,0,0,0,0,0,0,0,0
SuperArnolf,Detroit Bullets (Group B),Eastern,N/A,0,0,0,0,0,0,0,0,0,0,0,0,0
luckne88,Houston Hornets (Group B),Western,N/A,0,0,0,0,0,0,0,0,0,0,0,0,0
やだぁ **,Indiana Bandits (Group B),Eastern,N/A,0,0,0,0,0,0,0,0,0,0,0,0,0
goldvenom112,Las Vegas Thrill (Group B),Western,N/A,0,0,0,0,0,0,0,0,0,0,0,0,0
BLXST,Mexico City Aztecs (Group B),Western,N/A,0,0,0,0,0,0,0,0,0,0,0,0,0
drillstah,Miami Beach Kings (Group B),Eastern,N/A,0,0,0,0,0,0,0,0,0,0,0,0,0
Darktimes3c,Detroit Bullets (Group B),Eastern,N/A,0,0,0,0,0,0,0,0,0,0,0,0,0
champiuuu,Houston Hornets (Group B),Western,N/A,0,0,0,0,0,0,0,0,0,0,0,0,0
yBurkenn,Indiana Bandits (Group B),Eastern,N/A,0,0,0,0,0,0,0,0,0,0,0,0,0
FernandoQG3,Las Vegas Thrill (Group B),Western,N/A,0,0,0,0,0,0,0,0,0,0,0,0,0
General_Digz,Mexico City Aztecs (Group B),Western,N/A,0,0,0,0,0,0,0,0,0,0,0,0,0
cvsheras,Miami Beach Kings (Group B),Eastern,N/A,0,0,0,0,0,0,0,0,0,0,0,0,0
EnKurushimi,Detroit Bullets (Group B),Eastern,N/A,0,0,0,0,0,0,0,0,0,0,0,0,0
pizzabob3014,Houston Hornets (Group B),Western,N/A,0,0,0,0,0,0,0,0,0,0,0,0,0
lvrsnt,Indiana Bandits (Group B),Eastern,N/A,0,0,0,0,0,0,0,0,0,0,0,0,0
GODTOWN42,Las Vegas Thrill (Group B),Western,N/A,0,0,0,0,0,0,0,0,0,0,0,0,0
ha8kem,Mexico City Aztecs (Group B),Western,N/A,0,0,0,0,0,0,0,0,0,0,0,0,0
NRDrane,Miami Beach Kings (Group B),Eastern,N/A,0,0,0,0,0,0,0,0,0,0,0,0,0
rhytvm,Detroit Bullets (Group B),Eastern,N/A,0,0,0,0,0,0,0,0,0,0,0,0,0
sentimentalfeelin,Houston Hornets (Group B),Western,N/A,0,0,0,0,0,0,0,0,0,0,0,0,0
PotatoDomoo,Indiana Bandits (Group B),Eastern,N/A,0,0,0,0,0,0,0,0,0,0,0,0,0
Tyreowens,Las Vegas Thrill (Group B),Western,N/A,0,0,0,0,0,0,0,0,0,0,0,0,0
689veil,Mexico City Aztecs (Group B),Western,N/A,0,0,0,0,0,0,0,0,0,0,0,0,0
northmain21,Miami Beach Kings (Group B),Eastern,N/A,0,0,0,0,0,0,0,0,0,0,0,0,0
ThatAgentBhavu,Detroit Bullets (Group B),Eastern,N/A,0,0,0,0,0,0,0,0,0,0,0,0,0
Newplayerhahaha7,Houston Hornets (Group B),Western,N/A,0,0,0,0,0,0,0,0,0,0,0,0,0
ZamarionJ08,Indiana Bandits (Group B),Eastern,N/A,0,0,0,0,0,0,0,0,0,0,0,0,0
greenstorm6,Las Vegas Thrill (Group B),Western,N/A,0,0,0,0,0,0,0,0,0,0,0,0,0
dejuicertx,Mexico City Aztecs (Group B),Western,N/A,0,0,0,0,0,0,0,0,0,0,0,0,0
Dninja911,Miami Beach Kings (Group B),Eastern,N/A,0,0,0,0,0,0,0,0,0,0,0,0,0
Glockknineteenn,Detroit Bullets (Group B),Eastern,N/A,0,0,0,0,0,0,0,0,0,0,0,0,0
Pioneer,Houston Hornets (Group B),Western,N/A,0,0,0,0,0,0,0,0,0,0,0,0,0
gr33nb4ll,Indiana Bandits (Group B),Eastern,N/A,0,0,0,0,0,0,0,0,0,0,0,0,0
9Blqs,Las Vegas Thrill (Group B),Western,N/A,0,0,0,0,0,0,0,0,0,0,0,0,0
Urstillhaunting,Mexico City Aztecs (Group B),Western,N/A,0,0,0,0,0,0,0,0,0,0,0,0,0
JstDunkin,Miami Beach Kings (Group B),Eastern,N/A,0,0,0,0,0,0,0,0,0,0,0,0,0
Draaaged,Detroit Bullets (Group B),Eastern,N/A,0,0,0,0,0,0,0,0,0,0,0,0,0
respute,Houston Hornets (Group B),Western,N/A,0,0,0,0,0,0,0,0,0,0,0,0,0
eomq,Indiana Bandits (Group B),Eastern,N/A,0,0,0,0,0,0,0,0,0,0,0,0,0
jojomiami20,Las Vegas Thrill (Group B),Western,N/A,0,0,0,0,0,0,0,0,0,0,0,0,0
Jordan1212121212,Mexico City Aztecs (Group B),Western,N/A,0,0,0,0,0,0,0,0,0,0,0,0,0
o_0Hehahah,Miami Beach Kings (Group B),Eastern,N/A,0,0,0,0,0,0,0,0,0,0,0,0,0
Galanblox2,Detroit Bullets (Group B),Eastern,N/A,0,0,0,0,0,0,0,0,0,0,0,0,0
Eco_noreal,Houston Hornets (Group B),Western,N/A,0,0,0,0,0,0,0,0,0,0,0,0,0
Jsaon109,Indiana Bandits (Group B),Eastern,N/A,0,0,0,0,0,0,0,0,0,0,0,0,0
Kikkadoe7k,Las Vegas Thrill (Group B),Western,N/A,0,0,0,0,0,0,0,0,0,0,0,0,0
kingsg2030,Mexico City Aztecs (Group B),Western,N/A,0,0,0,0,0,0,0,0,0,0,0,0,0
stilijoe,Miami Beach Kings (Group B),Eastern,N/A,0,0,0,0,0,0,0,0,0,0,0,0,0
Legoninjago15346,Detroit Bullets (Group B),Eastern,N/A,0,0,0,0,0,0,0,0,0,0,0,0,0
Bigmonkonbro,Houston Hornets (Group B),Western,N/A,0,0,0,0,0,0,0,0,0,0,0,0,0
kr4zy143,Indiana Bandits (Group B),Eastern,N/A,0,0,0,0,0,0,0,0,0,0,0,0,0
lipboxin,Las Vegas Thrill (Group B),Western,N/A,0,0,0,0,0,0,0,0,0,0,0,0,0
airow,Mexico City Aztecs (Group B),Western,N/A,0,0,0,0,0,0,0,0,0,0,0,0,0
Deliverylncoming,Miami Beach Kings (Group B),Eastern,N/A,0,0,0,0,0,0,0,0,0,0,0,0,0
1of1anthonyalt,Minnesota Huskies (Group B),Eastern,N/A,0,0,0,0,0,0,0,0,0,0,0,0,0
2k_V1B3,Nashville Anthem (Group B),Western,N/A,0,0,0,0,0,0,0,0,0,0,0,0,0
DDMM2player2025,New York Knights (Group B),Eastern,N/A,0,0,0,0,0,0,0,0,0,0,0,0,0
0boredd,Orlando Supernovas (Group B),Eastern,N/A,0,0,0,0,0,0,0,0,0,0,0,0,0
Tune_bxnds,Oregon Skyhawks (Group B),Western,N/A,0,0,0,0,0,0,0,0,0,0,0,0,0
Sky_PhoenixSniper,Philadelphia Glory (Group B),Eastern,N/A,0,0,0,0,0,0,0,0,0,0,0,0,0
Robloxian994906531,Minnesota Huskies (Group B),Eastern,N/A,0,0,0,0,0,0,0,0,0,0,0,0,0
Jump_Force11,Nashville Anthem (Group B),Western,N/A,0,0,0,0,0,0,0,0,0,0,0,0,0
Hoodiecaps,New York Knights (Group B),Eastern,N/A,0,0,0,0,0,0,0,0,0,0,0,0,0
Treoverplayz,Orlando Supernovas (Group B),Eastern,N/A,0,0,0,0,0,0,0,0,0,0,0,0,0
frazemay2,Oregon Skyhawks (Group B),Western,N/A,0,0,0,0,0,0,0,0,0,0,0,0,0
4smas2,Philadelphia Glory (Group B),Eastern,N/A,0,0,0,0,0,0,0,0,0,0,0,0,0
Zxdreamline,Minnesota Huskies (Group B),Eastern,N/A,0,0,0,0,0,0,0,0,0,0,0,0,0
PHX_NAGI,Nashville Anthem (Group B),Western,N/A,0,0,0,0,0,0,0,0,0,0,0,0,0
baehelpptez,New York Knights (Group B),Eastern,N/A,0,0,0,0,0,0,0,0,0,0,0,0,0
28k_sadvibe,Orlando Supernovas (Group B),Eastern,N/A,0,0,0,0,0,0,0,0,0,0,0,0,0
Kevingod192,Oregon Skyhawks (Group B),Western,N/A,0,0,0,0,0,0,0,0,0,0,0,0,0
Altichus,Philadelphia Glory (Group B),Eastern,N/A,0,0,0,0,0,0,0,0,0,0,0,0,0
Fein4hit,Minnesota Huskies (Group B),Eastern,N/A,0,0,0,0,0,0,0,0,0,0,0,0,0
Chichilenin,Nashville Anthem (Group B),Western,N/A,0,0,0,0,0,0,0,0,0,0,0,0,0
yktempest,New York Knights (Group B),Eastern,N/A,0,0,0,0,0,0,0,0,0,0,0,0,0
Tur9q,Orlando Supernovas (Group B),Eastern,N/A,0,0,0,0,0,0,0,0,0,0,0,0,0
Moss_Vibes,Oregon Skyhawks (Group B),Western,N/A,0,0,0,0,0,0,0,0,0,0,0,0,0
2staq,Philadelphia Glory (Group B),Eastern,N/A,0,0,0,0,0,0,0,0,0,0,0,0,0
IgnZefd,Minnesota Huskies (Group B),Eastern,N/A,0,0,0,0,0,0,0,0,0,0,0,0,0
Nukegodking7,Nashville Anthem (Group B),Western,N/A,0,0,0,0,0,0,0,0,0,0,0,0,0
cIamps21,New York Knights (Group B),Eastern,N/A,0,0,0,0,0,0,0,0,0,0,0,0,0
BiockEmm,Orlando Supernovas (Group B),Eastern,N/A,0,0,0,0,0,0,0,0,0,0,0,0,0
Easierpath,Oregon Skyhawks (Group B),Western,N/A,0,0,0,0,0,0,0,0,0,0,0,0,0
Notdemon2716,Philadelphia Glory (Group B),Eastern,N/A,0,0,0,0,0,0,0,0,0,0,0,0,0
EllyTheYeetGod,Minnesota Huskies (Group B),Eastern,N/A,0,0,0,0,0,0,0,0,0,0,0,0,0
InferiorLock,Nashville Anthem (Group B),Western,N/A,0,0,0,0,0,0,0,0,0,0,0,0,0
JussJaaa,New York Knights (Group B),Eastern,N/A,0,0,0,0,0,0,0,0,0,0,0,0,0
YourTweakin,Orlando Supernovas (Group B),Eastern,N/A,0,0,0,0,0,0,0,0,0,0,0,0,0
Blokropcop,Oregon Skyhawks (Group B),Western,N/A,0,0,0,0,0,0,0,0,0,0,0,0,0
outstandingscorer,Philadelphia Glory (Group B),Eastern,N/A,0,0,0,0,0,0,0,0,0,0,0,0,0
Facilityss,Minnesota Huskies (Group B),Eastern,N/A,0,0,0,0,0,0,0,0,0,0,0,0,0
hotdoyo,Nashville Anthem (Group B),Western,N/A,0,0,0,0,0,0,0,0,0,0,0,0,0
Mackoy911,New York Knights (Group B),Eastern,N/A,0,0,0,0,0,0,0,0,0,0,0,0,0
Braidenrider133,Orlando Supernovas (Group B),Eastern,N/A,0,0,0,0,0,0,0,0,0,0,0,0,0
Blurhim,Oregon Skyhawks (Group B),Western,N/A,0,0,0,0,0,0,0,0,0,0,0,0,0
Rutkss(oreo),Philadelphia Glory (Group B),Eastern,N/A,0,0,0,0,0,0,0,0,0,0,0,0,0
Levdtm,Minnesota Huskies (Group B),Eastern,N/A,0,0,0,0,0,0,0,0,0,0,0,0,0
Ttv4kt6,Nashville Anthem (Group B),Western,N/A,0,0,0,0,0,0,0,0,0,0,0,0,0
xxquadzilla01,New York Knights (Group B),Eastern,N/A,0,0,0,0,0,0,0,0,0,0,0,0,0
thatwakee,Orlando Supernovas (Group B),Eastern,N/A,0,0,0,0,0,0,0,0,0,0,0,0,0
bIackchira,Oregon Skyhawks (Group B),Western,N/A,0,0,0,0,0,0,0,0,0,0,0,0,0
foreverlosttez,Philadelphia Glory (Group B),Eastern,N/A,0,0,0,0,0,0,0,0,0,0,0,0,0
ljare4,Minnesota Huskies (Group B),Eastern,N/A,0,0,0,0,0,0,0,0,0,0,0,0,0
Jcoolclubs,Nashville Anthem (Group B),Western,N/A,0,0,0,0,0,0,0,0,0,0,0,0,0
ItsSlezin,New York Knights (Group B),Eastern,N/A,0,0,0,0,0,0,0,0,0,0,0,0,0
Omniace_isdoodoo,Orlando Supernovas (Group B),Eastern,N/A,0,0,0,0,0,0,0,0,0,0,0,0,0
Hanna_TheBest123,Oregon Skyhawks (Group B),Western,N/A,0,0,0,0,0,0,0,0,0,0,0,0,0
SolVerdant,Philadelphia Glory (Group B),Eastern,N/A,0,0,0,0,0,0,0,0,0,0,0,0,0
GlizzySlayer,Minnesota Huskies (Group B),Eastern,N/A,0,0,0,0,0,0,0,0,0,0,0,0,0
Adm_ist,Nashville Anthem (Group B),Western,N/A,0,0,0,0,0,0,0,0,0,0,0,0,0
Mts_thursdawegambino,New York Knights (Group B),Eastern,N/A,0,0,0,0,0,0,0,0,0,0,0,0,0
YEETHUD1,Orlando Supernovas (Group B),Eastern,N/A,0,0,0,0,0,0,0,0,0,0,0,0,0
IsrJ_9,Oregon Skyhawks (Group B),Western,N/A,0,0,0,0,0,0,0,0,0,0,0,0,0
Egorpashkin_1,Philadelphia Glory (Group B),Eastern,N/A,0,0,0,0,0,0,0,0,0,0,0,0,0
91pts,Minnesota Huskies (Group B),Eastern,N/A,0,0,0,0,0,0,0,0,0,0,0,0,0
Aaaaaaaaqqqqx,Nashville Anthem (Group B),Western,N/A,0,0,0,0,0,0,0,0,0,0,0,0,0
lokibro2134,New York Knights (Group B),Eastern,N/A,0,0,0,0,0,0,0,0,0,0,0,0,0
spinnerld33,Orlando Supernovas (Group B),Eastern,N/A,0,0,0,0,0,0,0,0,0,0,0,0,0
Lilbuzz2x,Oregon Skyhawks (Group B),Western,N/A,0,0,0,0,0,0,0,0,0,0,0,0,0
Chic917,Philadelphia Glory (Group B),Eastern,N/A,0,0,0,0,0,0,0,0,0,0,0,0,0
pluto_monster555,Minnesota Huskies (Group B),Eastern,N/A,0,0,0,0,0,0,0,0,0,0,0,0,0
007jaymq,Nashville Anthem (Group B),Western,N/A,0,0,0,0,0,0,0,0,0,0,0,0,0
whatsdeodorant,New York Knights (Group B),Eastern,N/A,0,0,0,0,0,0,0,0,0,0,0,0,0
Itz_TooMythic,Orlando Supernovas (Group B),Eastern,N/A,0,0,0,0,0,0,0,0,0,0,0,0,0
gumper_r,Oregon Skyhawks (Group B),Western,N/A,0,0,0,0,0,0,0,0,0,0,0,0,0
Wowie,Philadelphia Glory (Group B),Eastern,N/A,0,0,0,0,0,0,0,0,0,0,0,0,0
camerafan20,Minnesota Huskies (Group B),Eastern,N/A,0,0,0,0,0,0,0,0,0,0,0,0,0
CompAngell,Nashville Anthem (Group B),Western,N/A,0,0,0,0,0,0,0,0,0,0,0,0,0
Mlcahofc,New York Knights (Group B),Eastern,N/A,0,0,0,0,0,0,0,0,0,0,0,0,0
ShendosWorld,Orlando Supernovas (Group B),Eastern,N/A,0,0,0,0,0,0,0,0,0,0,0,0,0
Dj_mikhail23,Oregon Skyhawks (Group B),Western,N/A,0,0,0,0,0,0,0,0,0,0,0,0,0
Eliprophet1,Philadelphia Glory (Group B),Eastern,N/A,0,0,0,0,0,0,0,0,0,0,0,0,0
Lilgamer_old,Oregon Skyhawks (Group B),Western,N/A,0,0,0,0,0,0,0,0,0,0,0,0,0
Yaboi_dshuan,Philadelphia Glory (Group B),Eastern,N/A,0,0,0,0,0,0,0,0,0,0,0,0,0
Notrealname1008,Phoenix Power (Group B),Western,N/A,0,0,0,0,0,0,0,0,0,0,0,0,0
masonsocoolboymj,Portland Vipers (Group B),Western,N/A,0,0,0,0,0,0,0,0,0,0,0,0,0
izeseii,Sacramento Rage (Group B),Western,N/A,0,0,0,0,0,0,0,0,0,0,0,0,0
foreiyn,San Diego Storm (Group B),Western,N/A,0,0,0,0,0,0,0,0,0,0,0,0,0
acaiartem,San Francisco Bears (Group B),Western,N/A,0,0,0,0,0,0,0,0,0,0,0,0,0
xnSirCartier,Seattle Reign (Group B),Western,N/A,0,0,0,0,0,0,0,0,0,0,0,0,0
krossingjs,Phoenix Power (Group B),Western,N/A,0,0,0,0,0,0,0,0,0,0,0,0,0
Happydinosaurus,Portland Vipers (Group B),Western,N/A,0,0,0,0,0,0,0,0,0,0,0,0,0
ScrewManfla,Sacramento Rage (Group B),Western,N/A,0,0,0,0,0,0,0,0,0,0,0,0,0
jonsdesires,San Diego Storm (Group B),Western,N/A,0,0,0,0,0,0,0,0,0,0,0,0,0
ShadomOfficial,San Francisco Bears (Group B),Western,N/A,0,0,0,0,0,0,0,0,0,0,0,0,0
kantpronounce,Seattle Reign (Group B),Western,N/A,0,0,0,0,0,0,0,0,0,0,0,0,0
S3NS4T10Nal,Phoenix Power (Group B),Western,N/A,0,0,0,0,0,0,0,0,0,0,0,0,0
Shoriine,Portland Vipers (Group B),Western,N/A,0,0,0,0,0,0,0,0,0,0,0,0,0
suzu_sato03,Sacramento Rage (Group B),Western,N/A,0,0,0,0,0,0,0,0,0,0,0,0,0
marqueilpric,San Diego Storm (Group B),Western,N/A,0,0,0,0,0,0,0,0,0,0,0,0,0
vTyzzoYT,San Francisco Bears (Group B),Western,N/A,0,0,0,0,0,0,0,0,0,0,0,0,0
lilmiggy8,Seattle Reign (Group B),Western,N/A,0,0,0,0,0,0,0,0,0,0,0,0,0
Swiftkagge,Phoenix Power (Group B),Western,N/A,0,0,0,0,0,0,0,0,0,0,0,0,0
19heros,Portland Vipers (Group B),Western,N/A,0,0,0,0,0,0,0,0,0,0,0,0,0
TwistedChanka,Sacramento Rage (Group B),Western,N/A,0,0,0,0,0,0,0,0,0,0,0,0,0
PhoNt0me,San Diego Storm (Group B),Western,N/A,0,0,0,0,0,0,0,0,0,0,0,0,0
wastedheight,San Francisco Bears (Group B),Western,N/A,0,0,0,0,0,0,0,0,0,0,0,0,0
D2mark,Seattle Reign (Group B),Western,N/A,0,0,0,0,0,0,0,0,0,0,0,0,0
ontuzo,Phoenix Power (Group B),Western,N/A,0,0,0,0,0,0,0,0,0,0,0,0,0
yurii5k,Portland Vipers (Group B),Western,N/A,0,0,0,0,0,0,0,0,0,0,0,0,0
Jaybouiiii,Sacramento Rage (Group B),Western,N/A,0,0,0,0,0,0,0,0,0,0,0,0,0
LIL_TGAMER,San Diego Storm (Group B),Western,N/A,0,0,0,0,0,0,0,0,0,0,0,0,0
Trinkepinke3992,San Francisco Bears (Group B),Western,N/A,0,0,0,0,0,0,0,0,0,0,0,0,0
Finnandsoy,Seattle Reign (Group B),Western,N/A,0,0,0,0,0,0,0,0,0,0,0,0,0
comoxed,Phoenix Power (Group B),Western,N/A,0,0,0,0,0,0,0,0,0,0,0,0,0
floatlegacy,Portland Vipers (Group B),Western,N/A,0,0,0,0,0,0,0,0,0,0,0,0,0
drummaster3344,Sacramento Rage (Group B),Western,N/A,0,0,0,0,0,0,0,0,0,0,0,0,0
Life32221,San Diego Storm (Group B),Western,N/A,0,0,0,0,0,0,0,0,0,0,0,0,0
CreedOfRussels,San Francisco Bears (Group B),Western,N/A,0,0,0,0,0,0,0,0,0,0,0,0,0
thefloppachoppa,Seattle Reign (Group B),Western,N/A,0,0,0,0,0,0,0,0,0,0,0,0,0
Blazenator26,Phoenix Power (Group B),Western,N/A,0,0,0,0,0,0,0,0,0,0,0,0,0
mxbyekpp,Portland Vipers (Group B),Western,N/A,0,0,0,0,0,0,0,0,0,0,0,0,0
piIatz,Sacramento Rage (Group B),Western,N/A,0,0,0,0,0,0,0,0,0,0,0,0,0
Black_sxn,San Diego Storm (Group B),Western,N/A,0,0,0,0,0,0,0,0,0,0,0,0,0
Itztoxins,San Francisco Bears (Group B),Western,N/A,0,0,0,0,0,0,0,0,0,0,0,0,0
Sheeeeesh567,Seattle Reign (Group B),Western,N/A,0,0,0,0,0,0,0,0,0,0,0,0,0
masonproreally,Phoenix Power (Group B),Western,N/A,0,0,0,0,0,0,0,0,0,0,0,0,0
MAB23101,Portland Vipers (Group B),Western,N/A,0,0,0,0,0,0,0,0,0,0,0,0,0
Josiahs_Kingdom,Sacramento Rage (Group B),Western,N/A,0,0,0,0,0,0,0,0,0,0,0,0,0
WoloSukii,San Diego Storm (Group B),Western,N/A,0,0,0,0,0,0,0,0,0,0,0,0,0
goldenfleecepolice,San Francisco Bears (Group B),Western,N/A,0,0,0,0,0,0,0,0,0,0,0,0,0
lolmancooldudethe3rd,Seattle Reign (Group B),Western,N/A,0,0,0,0,0,0,0,0,0,0,0,0,0
BlackReedeemer,Phoenix Power (Group B),Western,N/A,0,0,0,0,0,0,0,0,0,0,0,0,0
mouseauchocolat2021,Portland Vipers (Group B),Western,N/A,0,0,0,0,0,0,0,0,0,0,0,0,0
justswordz,Sacramento Rage (Group B),Western,N/A,0,0,0,0,0,0,0,0,0,0,0,0,0
yzndhi,San Diego Storm (Group B),Western,N/A,0,0,0,0,0,0,0,0,0,0,0,0,0
P_ranksterr,San Francisco Bears (Group B),Western,N/A,0,0,0,0,0,0,0,0,0,0,0,0,0
krbful,Seattle Reign (Group B),Western,N/A,0,0,0,0,0,0,0,0,0,0,0,0,0
Mapiddddddddd,Phoenix Power (Group B),Western,N/A,0,0,0,0,0,0,0,0,0,0,0,0,0
ixihalo,Portland Vipers (Group B),Western,N/A,0,0,0,0,0,0,0,0,0,0,0,0,0
Tonyo_745,Sacramento Rage (Group B),Western,N/A,0,0,0,0,0,0,0,0,0,0,0,0,0
Dragonmaster3379 and nobodyaskedbum3,San Diego Storm (Group B),Western,N/A,0,0,0,0,0,0,0,0,0,0,0,0,0
Trizzysalt,San Francisco Bears (Group B),Western,N/A,0,0,0,0,0,0,0,0,0,0,0,0,0
rbrogddale,Seattle Reign (Group B),Western,N/A,0,0,0,0,0,0,0,0,0,0,0,0,0
zVonskii,Phoenix Power (Group B),Western,N/A,0,0,0,0,0,0,0,0,0,0,0,0,0
eltnto,Portland Vipers (Group B),Western,N/A,0,0,0,0,0,0,0,0,0,0,0,0,0
GM_WRLD,Sacramento Rage (Group B),Western,N/A,0,0,0,0,0,0,0,0,0,0,0,0,0
spinlark or mrspinglitch,San Diego Storm (Group B),Western,N/A,0,0,0,0,0,0,0,0,0,0,0,0,0
Sp_idaa,San Francisco Bears (Group B),Western,N/A,0,0,0,0,0,0,0,0,0,0,0,0,0
tsfugazi,Seattle Reign (Group B),Western,N/A,0,0,0,0,0,0,0,0,0,0,0,0,0
kadenthegoat2234,Phoenix Power (Group B),Western,N/A,0,0,0,0,0,0,0,0,0,0,0,0,0
strainedneck,Portland Vipers (Group B),Western,N/A,0,0,0,0,0,0,0,0,0,0,0,0,0
fastrider7,Sacramento Rage (Group B),Western,N/A,0,0,0,0,0,0,0,0,0,0,0,0,0
LayedbyTei,San Diego Storm (Group B),Western,N/A,0,0,0,0,0,0,0,0,0,0,0,0,0
Txnkyy,San Francisco Bears (Group B),Western,N/A,0,0,0,0,0,0,0,0,0,0,0,0,0
Sazuka_Chan1,Seattle Reign (Group B),Western,N/A,0,0,0,0,0,0,0,0,0,0,0,0,0
Suaika_uchiha,Phoenix Power (Group B),Western,N/A,0,0,0,0,0,0,0,0,0,0,0,0,0
Sheluvshxrlem,Portland Vipers (Group B),Western,N/A,0,0,0,0,0,0,0,0,0,0,0,0,0
OkyiouSPikes,Sacramento Rage (Group B),Western,N/A,0,0,0,0,0,0,0,0,0,0,0,0,0
KOD3_BOOG1,San Diego Storm (Group B),Western,N/A,0,0,0,0,0,0,0,0,0,0,0,0,0
24sm7,San Francisco Bears (Group B),Western,N/A,0,0,0,0,0,0,0,0,0,0,0,0,0
Fellingcopys,Seattle Reign (Group B),Western,N/A,0,0,0,0,0,0,0,0,0,0,0,0,0
Hoodrichdraco21,Phoenix Power (Group B),Western,N/A,0,0,0,0,0,0,0,0,0,0,0,0,0
bowIstocash,Sacramento Rage (Group B),Western,N/A,0,0,0,0,0,0,0,0,0,0,0,0,0
whyihacktomuch,San Diego Storm (Group B),Western,N/A,0,0,0,0,0,0,0,0,0,0,0,0,0
blitz13150223,Toronto Terror (Group B),Eastern,N/A,0,0,0,0,0,0,0,0,0,0,0,0,0
ogboy123333,Washington Volt (Group B),Western,N/A,0,0,0,0,0,0,0,0,0,0,0,0,0
Alyciajasmin2,Atlanta Breeze (Group C),Eastern,N/A,0,0,0,0,0,0,0,0,0,0,0,0,0
PH2NTOMCJ,Baltimore Nighthawks (Group C),Eastern,N/A,0,0,0,0,0,0,0,0,0,0,0,0,0
Ice_formula,Charlotte Empire (Group C),Eastern,N/A,0,0,0,0,0,0,0,0,0,0,0,0,0
Hameed2012kadir,Chicago Aces (Group C),Eastern,N/A,0,0,0,0,0,0,0,0,0,0,0,0,0
2kteeski,Toronto Terror (Group B),Eastern,N/A,0,0,0,0,0,0,0,0,0,0,0,0,0
FootballkingQBdime,Washington Volt (Group B),Western,N/A,0,0,0,0,0,0,0,0,0,0,0,0,0
LWLegacywarrior,Atlanta Breeze (Group C),Eastern,N/A,0,0,0,0,0,0,0,0,0,0,0,0,0
rahhkinn,Baltimore Nighthawks (Group C),Eastern,N/A,0,0,0,0,0,0,0,0,0,0,0,0,0
swea3ty,Charlotte Empire (Group C),Eastern,N/A,0,0,0,0,0,0,0,0,0,0,0,0,0
bekfast759,Chicago Aces (Group C),Eastern,N/A,0,0,0,0,0,0,0,0,0,0,0,0,0
jj73329,Toronto Terror (Group B),Eastern,N/A,0,0,0,0,0,0,0,0,0,0,0,0,0
Carsanese,Washington Volt (Group B),Western,N/A,0,0,0,0,0,0,0,0,0,0,0,0,0
Goldexperiance1,Atlanta Breeze (Group C),Eastern,N/A,0,0,0,0,0,0,0,0,0,0,0,0,0
ninja200500841,Baltimore Nighthawks (Group C),Eastern,N/A,0,0,0,0,0,0,0,0,0,0,0,0,0
goodmorningorgeouss,Charlotte Empire (Group C),Eastern,N/A,0,0,0,0,0,0,0,0,0,0,0,0,0
CAPONEFORTHREE,Chicago Aces (Group C),Eastern,N/A,0,0,0,0,0,0,0,0,0,0,0,0,0
vWoozy(bxkardi),Toronto Terror (Group B),Eastern,N/A,0,0,0,0,0,0,0,0,0,0,0,0,0
zaiwitdashiftzz,Washington Volt (Group B),Western,N/A,0,0,0,0,0,0,0,0,0,0,0,0,0
TheSkullMaster88,Atlanta Breeze (Group C),Eastern,N/A,0,0,0,0,0,0,0,0,0,0,0,0,0
Tokyo,Baltimore Nighthawks (Group C),Eastern,N/A,0,0,0,0,0,0,0,0,0,0,0,0,0
jojoyeah77,Charlotte Empire (Group C),Eastern,N/A,0,0,0,0,0,0,0,0,0,0,0,0,0
IqxzzI,Chicago Aces (Group C),Eastern,N/A,0,0,0,0,0,0,0,0,0,0,0,0,0
Doppelganger22,Toronto Terror (Group B),Eastern,N/A,0,0,0,0,0,0,0,0,0,0,0,0,0
Ayanpat1,Washington Volt (Group B),Western,N/A,0,0,0,0,0,0,0,0,0,0,0,0,0
bhfhhfgdfghwe,Atlanta Breeze (Group C),Eastern,N/A,0,0,0,0,0,0,0,0,0,0,0,0,0
xI75v,Baltimore Nighthawks (Group C),Eastern,N/A,0,0,0,0,0,0,0,0,0,0,0,0,0
Elijahdj590,Charlotte Empire (Group C),Eastern,N/A,0,0,0,0,0,0,0,0,0,0,0,0,0
JoJo032715,Chicago Aces (Group C),Eastern,N/A,0,0,0,0,0,0,0,0,0,0,0,0,0
Hando5x,Toronto Terror (Group B),Eastern,N/A,0,0,0,0,0,0,0,0,0,0,0,0,0
HeziRimRuns,Washington Volt (Group B),Western,N/A,0,0,0,0,0,0,0,0,0,0,0,0,0
whydoiloseacounts,Atlanta Breeze (Group C),Eastern,N/A,0,0,0,0,0,0,0,0,0,0,0,0,0
Sth_sohaan,Baltimore Nighthawks (Group C),Eastern,N/A,0,0,0,0,0,0,0,0,0,0,0,0,0
Killeram232343,Charlotte Empire (Group C),Eastern,N/A,0,0,0,0,0,0,0,0,0,0,0,0,0
XxBLAH_BLAHxXJ,Chicago Aces (Group C),Eastern,N/A,0,0,0,0,0,0,0,0,0,0,0,0,0
Vazkarii,Toronto Terror (Group B),Eastern,N/A,0,0,0,0,0,0,0,0,0,0,0,0,0
Goodjoebro,Washington Volt (Group B),Western,N/A,0,0,0,0,0,0,0,0,0,0,0,0,0
jaydareapp,Atlanta Breeze (Group C),Eastern,N/A,0,0,0,0,0,0,0,0,0,0,0,0,0
washedjoe,Baltimore Nighthawks (Group C),Eastern,N/A,0,0,0,0,0,0,0,0,0,0,0,0,0
Killerkam271,Charlotte Empire (Group C),Eastern,N/A,0,0,0,0,0,0,0,0,0,0,0,0,0
kj031211,Chicago Aces (Group C),Eastern,N/A,0,0,0,0,0,0,0,0,0,0,0,0,0
sonic_px3,Toronto Terror (Group B),Eastern,N/A,0,0,0,0,0,0,0,0,0,0,0,0,0
ExecutiveHydro,Washington Volt (Group B),Western,N/A,0,0,0,0,0,0,0,0,0,0,0,0,0
DuragElia,Atlanta Breeze (Group C),Eastern,N/A,0,0,0,0,0,0,0,0,0,0,0,0,0
f_xup,Baltimore Nighthawks (Group C),Eastern,N/A,0,0,0,0,0,0,0,0,0,0,0,0,0
SaintS3iya,Charlotte Empire (Group C),Eastern,N/A,0,0,0,0,0,0,0,0,0,0,0,0,0
MrGabiiii,Chicago Aces (Group C),Eastern,N/A,0,0,0,0,0,0,0,0,0,0,0,0,0
yozeeno,Toronto Terror (Group B),Eastern,N/A,0,0,0,0,0,0,0,0,0,0,0,0,0
0Latino00,Washington Volt (Group B),Western,N/A,0,0,0,0,0,0,0,0,0,0,0,0,0
PleaseDontTake111,Atlanta Breeze (Group C),Eastern,N/A,0,0,0,0,0,0,0,0,0,0,0,0,0
dueiwielding,Baltimore Nighthawks (Group C),Eastern,N/A,0,0,0,0,0,0,0,0,0,0,0,0,0
ArcherKam9,Charlotte Empire (Group C),Eastern,N/A,0,0,0,0,0,0,0,0,0,0,0,0,0
Trey_theman1123,Chicago Aces (Group C),Eastern,N/A,0,0,0,0,0,0,0,0,0,0,0,0,0
Ahmargermain18,Toronto Terror (Group B),Eastern,N/A,0,0,0,0,0,0,0,0,0,0,0,0,0
eazyEER21,Washington Volt (Group B),Western,N/A,0,0,0,0,0,0,0,0,0,0,0,0,0
Trustthereads,Atlanta Breeze (Group C),Eastern,N/A,0,0,0,0,0,0,0,0,0,0,0,0,0
Masker5671,Baltimore Nighthawks (Group C),Eastern,N/A,0,0,0,0,0,0,0,0,0,0,0,0,0
vmzo,Charlotte Empire (Group C),Eastern,N/A,0,0,0,0,0,0,0,0,0,0,0,0,0
Vanwiner_alt,Chicago Aces (Group C),Eastern,N/A,0,0,0,0,0,0,0,0,0,0,0,0,0
jiteres,Toronto Terror (Group B),Eastern,N/A,0,0,0,0,0,0,0,0,0,0,0,0,0
ZaxU3U,Washington Volt (Group B),Western,N/A,0,0,0,0,0,0,0,0,0,0,0,0,0
xanbenyama,Atlanta Breeze (Group C),Eastern,N/A,0,0,0,0,0,0,0,0,0,0,0,0,0
Sanya_XDYT,Baltimore Nighthawks (Group C),Eastern,N/A,0,0,0,0,0,0,0,0,0,0,0,0,0
IReekEarth,Charlotte Empire (Group C),Eastern,N/A,0,0,0,0,0,0,0,0,0,0,0,0,0
imfromafrica22,Chicago Aces (Group C),Eastern,N/A,0,0,0,0,0,0,0,0,0,0,0,0,0
smileyfacemel,Toronto Terror (Group B),Eastern,N/A,0,0,0,0,0,0,0,0,0,0,0,0,0
Infernalkings,Washington Volt (Group B),Western,N/A,0,0,0,0,0,0,0,0,0,0,0,0,0
fakeperkks,Atlanta Breeze (Group C),Eastern,N/A,0,0,0,0,0,0,0,0,0,0,0,0,0
PasitoTPS,Baltimore Nighthawks (Group C),Eastern,N/A,0,0,0,0,0,0,0,0,0,0,0,0,0
@Beez_RIOnlmelKneez,Charlotte Empire (Group C),Eastern,N/A,0,0,0,0,0,0,0,0,0,0,0,0,0
Thegodatsnipping,Chicago Aces (Group C),Eastern,N/A,0,0,0,0,0,0,0,0,0,0,0,0,0
Jay_isai74,Toronto Terror (Group B),Eastern,N/A,0,0,0,0,0,0,0,0,0,0,0,0,0
Tgfreds2123,Washington Volt (Group B),Western,N/A,0,0,0,0,0,0,0,0,0,0,0,0,0
Dmlthagod,Atlanta Breeze (Group C),Eastern,N/A,0,0,0,0,0,0,0,0,0,0,0,0,0
Ypu_dj,Baltimore Nighthawks (Group C),Eastern,N/A,0,0,0,0,0,0,0,0,0,0,0,0,0
Khvaos,Charlotte Empire (Group C),Eastern,N/A,0,0,0,0,0,0,0,0,0,0,0,0,0
Suiatz,Chicago Aces (Group C),Eastern,N/A,0,0,0,0,0,0,0,0,0,0,0,0,0
FNTMirrz,Baltimore Nighthawks (Group C),Eastern,N/A,0,0,0,0,0,0,0,0,0,0,0,0,0
godsy123456,Chicago Aces (Group C),Eastern,N/A,0,0,0,0,0,0,0,0,0,0,0,0,0
KingExtremeMan,Houston Hornets (Group C),Western,N/A,0,0,0,0,0,0,0,0,0,0,0,0,0
Superrobloxcarre,Las Vegas Thrill (Group C),Western,N/A,0,0,0,0,0,0,0,0,0,0,0,0,0
SwornCosmo,Miami Beach Kings (Group C),Eastern,N/A,0,0,0,0,0,0,0,0,0,0,0,0,0
theyluv_azr,New York Knights (Group C),Eastern,N/A,0,0,0,0,0,0,0,0,0,0,0,0,0
xKamstar,Orlando Supernovas (Group C),Eastern,N/A,0,0,0,0,0,0,0,0,0,0,0,0,0
21savagboy21,Philadelphia Glory (Group C),Eastern,N/A,0,0,0,0,0,0,0,0,0,0,0,0,0
DHJPflexr,Houston Hornets (Group C),Western,N/A,0,0,0,0,0,0,0,0,0,0,0,0,0
findreiigion,Las Vegas Thrill (Group C),Western,N/A,0,0,0,0,0,0,0,0,0,0,0,0,0
lcy6o6,Miami Beach Kings (Group C),Eastern,N/A,0,0,0,0,0,0,0,0,0,0,0,0,0
littlebirdyflew,New York Knights (Group C),Eastern,N/A,0,0,0,0,0,0,0,0,0,0,0,0,0
21dift,Orlando Supernovas (Group C),Eastern,N/A,0,0,0,0,0,0,0,0,0,0,0,0,0
Holywqlkoffmade,Philadelphia Glory (Group C),Eastern,N/A,0,0,0,0,0,0,0,0,0,0,0,0,0
flextribe,Houston Hornets (Group C),Western,N/A,0,0,0,0,0,0,0,0,0,0,0,0,0
confettiho,Las Vegas Thrill (Group C),Western,N/A,0,0,0,0,0,0,0,0,0,0,0,0,0
luvheytea,Miami Beach Kings (Group C),Eastern,N/A,0,0,0,0,0,0,0,0,0,0,0,0,0
nopxst,New York Knights (Group C),Eastern,N/A,0,0,0,0,0,0,0,0,0,0,0,0,0
oddlikefuture,Orlando Supernovas (Group C),Eastern,N/A,0,0,0,0,0,0,0,0,0,0,0,0,0
superdantdm0611,Philadelphia Glory (Group C),Eastern,N/A,0,0,0,0,0,0,0,0,0,0,0,0,0
FrostedTinxz,Houston Hornets (Group C),Western,N/A,0,0,0,0,0,0,0,0,0,0,0,0,0
Mario_DAT,Las Vegas Thrill (Group C),Western,N/A,0,0,0,0,0,0,0,0,0,0,0,0,0
luhvonskiiii,Miami Beach Kings (Group C),Eastern,N/A,0,0,0,0,0,0,0,0,0,0,0,0,0
6vett,New York Knights (Group C),Eastern,N/A,0,0,0,0,0,0,0,0,0,0,0,0,0
PremiumMyke,Orlando Supernovas (Group C),Eastern,N/A,0,0,0,0,0,0,0,0,0,0,0,0,0
alvaruinn,Philadelphia Glory (Group C),Eastern,N/A,0,0,0,0,0,0,0,0,0,0,0,0,0
ziarem2,Houston Hornets (Group C),Western,N/A,0,0,0,0,0,0,0,0,0,0,0,0,0
Spilledthesoss,Las Vegas Thrill (Group C),Western,N/A,0,0,0,0,0,0,0,0,0,0,0,0,0
bigmancool55,Miami Beach Kings (Group C),Eastern,N/A,0,0,0,0,0,0,0,0,0,0,0,0,0
swe_joey454,New York Knights (Group C),Eastern,N/A,0,0,0,0,0,0,0,0,0,0,0,0,0
Ripknot,Orlando Supernovas (Group C),Eastern,N/A,0,0,0,0,0,0,0,0,0,0,0,0,0
YaboiTrey_1,Philadelphia Glory (Group C),Eastern,N/A,0,0,0,0,0,0,0,0,0,0,0,0,0
NikeBandz_Playz,Houston Hornets (Group C),Western,N/A,0,0,0,0,0,0,0,0,0,0,0,0,0
duburnn,Las Vegas Thrill (Group C),Western,N/A,0,0,0,0,0,0,0,0,0,0,0,0,0
1gymma,Miami Beach Kings (Group C),Eastern,N/A,0,0,0,0,0,0,0,0,0,0,0,0,0
plus_RATI0,New York Knights (Group C),Eastern,N/A,0,0,0,0,0,0,0,0,0,0,0,0,0
6sqzz,Orlando Supernovas (Group C),Eastern,N/A,0,0,0,0,0,0,0,0,0,0,0,0,0
SwishZennin2,Philadelphia Glory (Group C),Eastern,N/A,0,0,0,0,0,0,0,0,0,0,0,0,0
lilrock12341,Houston Hornets (Group C),Western,N/A,0,0,0,0,0,0,0,0,0,0,0,0,0
Trillsavage213,Las Vegas Thrill (Group C),Western,N/A,0,0,0,0,0,0,0,0,0,0,0,0,0
kazout_3,Miami Beach Kings (Group C),Eastern,N/A,0,0,0,0,0,0,0,0,0,0,0,0,0
DAHREALCROMEBOOk,New York Knights (Group C),Eastern,N/A,0,0,0,0,0,0,0,0,0,0,0,0,0
Qwertyy2x,Orlando Supernovas (Group C),Eastern,N/A,0,0,0,0,0,0,0,0,0,0,0,0,0
Anklebreaker_3,Philadelphia Glory (Group C),Eastern,N/A,0,0,0,0,0,0,0,0,0,0,0,0,0
llpowerIl,Houston Hornets (Group C),Western,N/A,0,0,0,0,0,0,0,0,0,0,0,0,0
MeepGotBan,Las Vegas Thrill (Group C),Western,N/A,0,0,0,0,0,0,0,0,0,0,0,0,0
Diggertrigger(DRAGONKNIGHT1373),Miami Beach Kings (Group C),Eastern,N/A,0,0,0,0,0,0,0,0,0,0,0,0,0
iiilbs,New York Knights (Group C),Eastern,N/A,0,0,0,0,0,0,0,0,0,0,0,0,0
Zora_kinsuki,Orlando Supernovas (Group C),Eastern,N/A,0,0,0,0,0,0,0,0,0,0,0,0,0
Ayename_Slic,Philadelphia Glory (Group C),Eastern,N/A,0,0,0,0,0,0,0,0,0,0,0,0,0
Hokagebinballin,Houston Hornets (Group C),Western,N/A,0,0,0,0,0,0,0,0,0,0,0,0,0
The234Best,Las Vegas Thrill (Group C),Western,N/A,0,0,0,0,0,0,0,0,0,0,0,0,0
dncxnsss,Miami Beach Kings (Group C),Eastern,N/A,0,0,0,0,0,0,0,0,0,0,0,0,0
Sayvwave,New York Knights (Group C),Eastern,N/A,0,0,0,0,0,0,0,0,0,0,0,0,0
BBGTheJoker,Orlando Supernovas (Group C),Eastern,N/A,0,0,0,0,0,0,0,0,0,0,0,0,0
amiIIolive,Philadelphia Glory (Group C),Eastern,N/A,0,0,0,0,0,0,0,0,0,0,0,0,0
Mountain2tuff123,Houston Hornets (Group C),Western,N/A,0,0,0,0,0,0,0,0,0,0,0,0,0
Xxlilguccixx23,Las Vegas Thrill (Group C),Western,N/A,0,0,0,0,0,0,0,0,0,0,0,0,0
Ripjoyboy6,Miami Beach Kings (Group C),Eastern,N/A,0,0,0,0,0,0,0,0,0,0,0,0,0
Laylxh_0,New York Knights (Group C),Eastern,N/A,0,0,0,0,0,0,0,0,0,0,0,0,0
dinosaurzilla61,Orlando Supernovas (Group C),Eastern,N/A,0,0,0,0,0,0,0,0,0,0,0,0,0
lalala_10100,Philadelphia Glory (Group C),Eastern,N/A,0,0,0,0,0,0,0,0,0,0,0,0,0
theamazingnomike,Houston Hornets (Group C),Western,N/A,0,0,0,0,0,0,0,0,0,0,0,0,0
Richcjso,Las Vegas Thrill (Group C),Western,N/A,0,0,0,0,0,0,0,0,0,0,0,0,0
michealraw,Miami Beach Kings (Group C),Eastern,N/A,0,0,0,0,0,0,0,0,0,0,0,0,0
cantjumpwitjman,New York Knights (Group C),Eastern,N/A,0,0,0,0,0,0,0,0,0,0,0,0,0
Ripjoyboy6,Orlando Supernovas (Group C),Eastern,N/A,0,0,0,0,0,0,0,0,0,0,0,0,0
Phantom,Philadelphia Glory (Group C),Eastern,N/A,0,0,0,0,0,0,0,0,0,0,0,0,0
jinyxez,Houston Hornets (Group C),Western,N/A,0,0,0,0,0,0,0,0,0,0,0,0,0
bloxer_nyc,Las Vegas Thrill (Group C),Western,N/A,0,0,0,0,0,0,0,0,0,0,0,0,0
zepseii,Miami Beach Kings (Group C),Eastern,N/A,0,0,0,0,0,0,0,0,0,0,0,0,0
Snagsgotstack,New York Knights (Group C),Eastern,N/A,0,0,0,0,0,0,0,0,0,0,0,0,0
Techhehe,Orlando Supernovas (Group C),Eastern,N/A,0,0,0,0,0,0,0,0,0,0,0,0,0
stimwould,Philadelphia Glory (Group C),Eastern,N/A,0,0,0,0,0,0,0,0,0,0,0,0,0
Adultololz,Houston Hornets (Group C),Western,N/A,0,0,0,0,0,0,0,0,0,0,0,0,0
31xz07,Las Vegas Thrill (Group C),Western,N/A,0,0,0,0,0,0,0,0,0,0,0,0,0
Ceedaiboi,Miami Beach Kings (Group C),Eastern,N/A,0,0,0,0,0,0,0,0,0,0,0,0,0
Atromane1,New York Knights (Group C),Eastern,N/A,0,0,0,0,0,0,0,0,0,0,0,0,0
den126000,Orlando Supernovas (Group C),Eastern,N/A,0,0,0,0,0,0,0,0,0,0,0,0,0
pefitoo2,Philadelphia Glory (Group C),Eastern,N/A,0,0,0,0,0,0,0,0,0,0,0,0,0
